<?xml version="1.0" encoding="UTF-8"?>
<metadata xml:lang="en"><Esri><CreaDate>20220912</CreaDate><CreaTime>14022900</CreaTime><ArcGISFormat>1.0</ArcGISFormat><SyncOnce>TRUE</SyncOnce><DataProperties><lineage><Process ToolSource="C:\__Local Disk D\AE&amp;DS\2022 Summer Semestr\Applied Econometrics using GIS Techniques\paper\ArcGIS\tools\Excel_and_CSV_Conversion_Tools\ExcelTools\Excel and CSV Conversion Tools.tbx\TableToCSV" Date="20220912" Time="140229">TableToCSV "C:\__Local Disk D\AE&amp;DS\2022 Summer Semestr\Applied Econometrics using GIS Techniques\paper\ArcGIS\code\..\output\GDB.gdb\german_counties_neighbours" "C:\__Local Disk D\AE&amp;DS\2022 Summer Semestr\Applied Econometrics using GIS Techniques\paper\ArcGIS\code\..\output\german_counties_neighbours.csv" COMMA</Process><Process ToolSource="C:\__Local Disk D\AE&amp;DS\2022 Summer Semestr\Applied Econometrics using GIS Techniques\paper\ArcGIS\tools\Excel_and_CSV_Conversion_Tools\ExcelTools\Excel and CSV Conversion Tools.tbx\TableToCSV" Date="20220912" Time="140321">TableToCSV "C:\__Local Disk D\AE&amp;DS\2022 Summer Semestr\Applied Econometrics using GIS Techniques\paper\ArcGIS\code\..\output\GDB.gdb\german_counties_neighbours" "C:\__Local Disk D\AE&amp;DS\2022 Summer Semestr\Applied Econometrics using GIS Techniques\paper\ArcGIS\code\..\output\german_counties_neighbours.csv" COMMA</Process><Process ToolSource="C:\__Local Disk D\AE&amp;DS\2022 Summer Semestr\Applied Econometrics using GIS Techniques\paper\ArcGIS\tools\Excel_and_CSV_Conversion_Tools\ExcelTools\Excel and CSV Conversion Tools.tbx\TableToCSV" Date="20220912" Time="140417">TableToCSV "C:\__Local Disk D\AE&amp;DS\2022 Summer Semestr\Applied Econometrics using GIS Techniques\paper\ArcGIS\code\..\output\GDB.gdb\german_counties_neighbours" "C:\__Local Disk D\AE&amp;DS\2022 Summer Semestr\Applied Econometrics using GIS Techniques\paper\ArcGIS\code\..\output\german_counties_neighbours.csv" COMMA</Process></lineage></DataProperties></Esri></metadata>
